1,Marketing Assistant
2,VP Sales
3,Biostatistician IV
4,Account Representative II
5,VP Marketing
6,Environmental Specialist
7,Software Consultant
8,Office Assistant III
9,Information Systems Manager
10,Desktop Support Technician
11,Financial Advisor
12,Computer Systems Analyst I
13,Automation Specialist IV
14,Help Desk Technician
15,Office Assistant II
16,VP Quality Control
17,Office Assistant IV
18,Financial Analyst
19,Electrical Engineer
20,Chemical Engineer
21,Social Worker
22,VP Product Management
23,Administrative Officer
24,Paralegal
25,Actuary
26,Database Administrator I
27,Nuclear Power Engineer
28,Database Administrator II
29,GIS Technical Architect
30,Human Resources Assistant IV
31,Marketing Manager
32,Structural Engineer
33,General Manager
34,Chief Design Engineer
35,Senior Quality Engineer
36,Pharmacist
37,Accounting Assistant IV
38,Web Developer I
39,Automation Specialist I
40,Assistant Manager
41,Director of Sales
42,Systems Administrator II
43,Geological Engineer
44,Staff Accountant IV
45,Senior Cost Accountant
46,Geologist IV
47,Graphic Designer
48,Account Executive
49,Staff Scientist
50,VP Accounting
51,Quality Control Specialist
52,Structural Analysis Engineer
53,Food Chemist
54,Systems Administrator IV
55,Software Test Engineer IV
56,Analyst Programmer
57,Clinical Specialist
58,Teacher
59,Budget/Accounting Analyst IV
60,Recruiter
61,Geologist II
62,Associate Professor
63,Executive Secretary
64,Senior Editor
65,Civil Engineer
66,Junior Executive
67,Senior Financial Analyst
68,Programmer IV
69,Biostatistician III
70,Dental Hygienist
71,Statistician II
72,Web Designer I
73,Sales Representative
74,Engineer III
75,Community Outreach Specialist
76,Budget/Accounting Analyst III
77,Database Administrator III
78,Recruiting Manager
79,Programmer III
80,Quality Engineer
81,Health Coach IV
82,Assistant Professor
83,Cost Accountant
84,Software Engineer I
85,Research Assistant II
86,Research Assistant IV
87,Accountant I
88,Accountant IV
89,Account Representative IV
90,Computer Systems Analyst IV
91,Product Engineer
92,Account Coordinator
93,Engineer IV
94,Software Engineer III
95,Web Designer II
96,Health Coach III
97,Media Manager III
98,Librarian
99,Environmental Tech
100,Senior Developer
101,Software Test Engineer I
102,Analog Circuit Design manager
103,Project Manager
104,Occupational Therapist
105,Registered Nurse
106,Operator
107,Legal Assistant
108,Nurse
109,Technical Writer
110,Senior Sales Associate
111,Programmer I
112,Administrative Assistant I
113,Internal Auditor
114,Professor
115,Tax Accountant
116,Data Coordiator
117,Mechanical Systems Engineer
118,Web Developer II
119,Programmer Analyst IV
120,Editor
121,Web Developer III
122,Assistant Media Planner
123,Statistician I
124,Physical Therapy Assistant
125,Nurse Practicioner
126,Budget/Accounting Analyst II
127,Developer II
128,Budget/Accounting Analyst I
129,Accounting Assistant II
130,Programmer Analyst II
131,Help Desk Operator
132,Staff Accountant III
133,Computer Systems Analyst III
134,Developer III
135,Human Resources Manager
136,Payment Adjustment Coordinator
137,Account Representative III
138,Web Designer III
139,Database Administrator IV
140,Safety Technician I
141,Web Designer IV
142,Human Resources Assistant II
143,Health Coach I
144,Safety Technician II
145,Biostatistician II
146,Speech Pathologist
147,Design Engineer
148,Human Resources Assistant III
149,Safety Technician IV
150,Sales Associate
151,Accountant II
152,Developer I
153,Geologist I
154,Statistician III
155,Research Assistant III
156,Developer IV
157,Research Associate
158,Accounting Assistant I
159,Media Manager IV
160,Media Manager II
161,Software Test Engineer III
162,Compensation Analyst
163,Research Nurse
164,Administrative Assistant III
165,Computer Systems Analyst II
166,Accountant III
167,Administrative Assistant II
168,Staff Accountant II
169,Accounting Assistant III
170,Media Manager I
171,Safety Technician III
172,Engineer I
173,Research Assistant I
174,Software Engineer IV
175,Business Systems Development Analyst
176,Biostatistician I
177,Health Coach II
178,Staff Accountant I
179,Software Engineer II
180,Statistician IV
181,Programmer Analyst I
182,Account Representative I
183,Administrative Assistant IV